TRUNCATE TABLE `oc_visual_designer_template`;

INSERT INTO `oc_visual_designer_template` (`template_id`, `category`, `content`, `sort_order`, `image`) VALUES (1, 'default', '[vd_row link=\'https://vimeo.com/51589652\'  design_margin_bottom=\'15px\' ][vd_column][vd_text text=\'Lorem ipsum dolor sit amet, consectetur adipiscing elit. Phasellus in erat eu lacus varius venenatis ut ac urna.\'  design_border_style=\'0\'  design_background_image_style=\'cover\' /][vd_image size=\'responsive\'  width=\'200px\'  height=\'100px\'  onclick=\'popup\'  link_target=\'current\'  align=\'center\'  design_border_style=\'0\'  design_background_image_style=\'cover\' /][vd_text text=\'Lorem ipsum dolor sit amet, consectetur adipiscing elit. Phasellus in erat eu lacus varius venenatis ut ac urna.\'  design_border_style=\'0\'  design_background_image_style=\'cover\' /][/vd_column][/vd_row]                            ', 0, 'catalog/d_visual_designer/1.svg');
INSERT INTO `oc_visual_designer_template` (`template_id`, `category`, `content`, `sort_order`, `image`) VALUES (2, 'default', '[vd_row][vd_column][vd_text text=\'Lorem ipsum dolor sit amet, consectetur adipiscing elit. Phasellus in erat eu lacus varius venenatis ut ac urna.\'  design_border_style=\'0\'  design_background_image_style=\'cover\' /][/vd_column][/vd_row][vd_row background_video=\'0\'  link=\'https://vimeo.com/51589652\'  design_border_style=\'0\'  design_background_image_style=\'cover\' ][vd_column size=\'6\' ][vd_image size=\'responsive\'  width=\'200px\'  height=\'100px\'  onclick=\'popup\'  link_target=\'current\'  align=\'center\'  design_border_style=\'0\'  design_background_image_style=\'cover\' /][vd_text text=\'Lorem ipsum dolor sit amet, consectetur adipiscing elit. Phasellus in erat eu lacus varius venenatis ut ac urna.\'  design_border_style=\'0\'  design_background_image_style=\'cover\' /][/vd_column][vd_column category=\'content\'  control_position=\'top\'  setting::size=\'12\'  size=\'6\' ][vd_image size=\'responsive\'  width=\'200px\'  height=\'100px\'  onclick=\'popup\'  link_target=\'current\'  align=\'center\'  design_border_style=\'0\'  design_background_image_style=\'cover\' /][vd_text text=\'Lorem ipsum dolor sit amet, consectetur adipiscing elit. Phasellus in erat eu lacus varius venenatis ut ac urna.\'  design_border_style=\'0\'  design_background_image_style=\'cover\' /][/vd_column][/vd_row]                                                        ', 1, 'catalog/d_visual_designer/1-2.svg');
INSERT INTO `oc_visual_designer_template` (`template_id`, `category`, `content`, `sort_order`, `image`) VALUES (3, 'default', '[vd_row link=\'https://vimeo.com/51589652\'  design_margin_bottom=\'15px\' ][vd_column][vd_text text=\'Lorem ipsum dolor sit amet, consectetur adipiscing elit. Phasellus in erat eu lacus varius venenatis ut ac urna.\'  design_border_style=\'0\'  design_background_image_style=\'cover\' /][/vd_column][/vd_row][vd_row][vd_column size=\'6\' ][vd_image size=\'responsive\'  width=\'200px\'  height=\'100px\'  onclick=\'popup\'  link_target=\'current\'  align=\'center\'  design_border_style=\'0\'  design_background_image_style=\'cover\' /][/vd_column][vd_column category=\'content\'  control_position=\'top\'  setting::size=\'12\'  size=\'6\' ][vd_image size=\'responsive\'  width=\'200px\'  height=\'100px\'  onclick=\'popup\'  link_target=\'current\'  align=\'center\'  design_border_style=\'0\'  design_background_image_style=\'cover\' /][/vd_column][/vd_row][vd_row][vd_column][vd_text text=\'Lorem ipsum dolor sit amet, consectetur adipiscing elit. Phasellus in erat eu lacus varius venenatis ut ac urna.\'  design_border_style=\'0\'  design_background_image_style=\'cover\' /][/vd_column][/vd_row]                                                        ', 2, 'catalog/d_visual_designer/1-2-1.svg');
INSERT INTO `oc_visual_designer_template` (`template_id`, `category`, `content`, `sort_order`, `image`) VALUES (4, 'default', '[vd_row link=\'https://vimeo.com/51589652\'  design_margin_bottom=\'15px\' ][vd_column][vd_text text=\'Lorem ipsum dolor sit amet, consectetur adipiscing elit. Phasellus in erat eu lacus varius venenatis ut ac urna.\'  design_border_style=\'0\'  design_background_image_style=\'cover\' /][/vd_column][/vd_row][vd_row][vd_column size=\'4\' ][vd_image size=\'responsive\'  width=\'200px\'  height=\'100px\'  onclick=\'popup\'  link_target=\'current\'  align=\'center\'  design_border_style=\'0\'  design_background_image_style=\'cover\' /][vd_text text=\'Lorem ipsum dolor sit amet, consectetur adipiscing elit. Phasellus in erat eu lacus varius venenatis ut ac urna.\'  design_border_style=\'0\'  design_background_image_style=\'cover\' /][/vd_column][vd_column category=\'content\'  control_position=\'top\'  setting::size=\'12\'  size=\'4\' ][vd_image size=\'responsive\'  width=\'200px\'  height=\'100px\'  onclick=\'popup\'  link_target=\'current\'  align=\'center\'  design_border_style=\'0\'  design_background_image_style=\'cover\' /][vd_text text=\'Lorem ipsum dolor sit amet, consectetur adipiscing elit. Phasellus in erat eu lacus varius venenatis ut ac urna.\'  design_border_style=\'0\'  design_background_image_style=\'cover\' /][/vd_column][vd_column category=\'content\'  control_position=\'top\'  setting::size=\'12\'  size=\'4\' ][vd_image size=\'responsive\'  width=\'200px\'  height=\'100px\'  onclick=\'popup\'  link_target=\'current\'  align=\'center\'  design_border_style=\'0\'  design_background_image_style=\'cover\' /][vd_text text=\'Lorem ipsum dolor sit amet, consectetur adipiscing elit. Phasellus in erat eu lacus varius venenatis ut ac urna.\'  design_border_style=\'0\'  design_background_image_style=\'cover\' /][/vd_column][/vd_row]                            ', 4, 'catalog/d_visual_designer/1-3.svg');
INSERT INTO `oc_visual_designer_template` (`template_id`, `category`, `content`, `sort_order`, `image`) VALUES (5, 'default', '[vd_row][vd_column][vd_text text=\'Lorem ipsum dolor sit amet, consectetur adipiscing elit. Phasellus in erat eu lacus varius venenatis ut ac urna.\'  design_border_style=\'0\'  design_background_image_style=\'cover\' /][/vd_column][/vd_row][vd_row][vd_column size=\'4\' ][vd_image size=\'responsive\'  width=\'200px\'  height=\'100px\'  onclick=\'popup\'  link_target=\'current\'  align=\'center\'  design_border_style=\'0\'  design_background_image_style=\'cover\' /][/vd_column][vd_column category=\'content\'  control_position=\'top\'  setting::size=\'12\'  size=\'4\' ][vd_image size=\'responsive\'  width=\'200px\'  height=\'100px\'  onclick=\'popup\'  link_target=\'current\'  align=\'center\'  design_border_style=\'0\'  design_background_image_style=\'cover\' /][/vd_column][vd_column category=\'content\'  control_position=\'top\'  setting::size=\'12\'  size=\'4\' ][vd_image size=\'responsive\'  width=\'200px\'  height=\'100px\'  onclick=\'popup\'  link_target=\'current\'  align=\'center\'  design_border_style=\'0\'  design_background_image_style=\'cover\' /][/vd_column][/vd_row][vd_row link=\'https://vimeo.com/51589652\'  design_margin_bottom=\'15px\' ][vd_column][vd_text text=\'Lorem ipsum dolor sit amet, consectetur adipiscing elit. Phasellus in erat eu lacus varius venenatis ut ac urna.\'  design_border_style=\'0\'  design_background_image_style=\'cover\' /][/vd_column][/vd_row]                            ', 5, 'catalog/d_visual_designer/1-3-1.svg');
INSERT INTO `oc_visual_designer_template` (`template_id`, `category`, `content`, `sort_order`, `image`) VALUES (6, 'default', '[vd_row link=\'https://vimeo.com/51589652\'  design_margin_bottom=\'15px\' ][vd_column][vd_text text=\'Lorem ipsum dolor sit amet, consectetur adipiscing elit. Phasellus in erat eu lacus varius venenatis ut ac urna.\'  design_border_style=\'0\'  design_background_image_style=\'cover\' /][/vd_column][/vd_row][vd_row link=\'https://vimeo.com/51589652\'  design_margin_bottom=\'15px\' ][vd_column size=\'4\' ][vd_image size=\'responsive\'  width=\'200px\'  height=\'100px\'  onclick=\'popup\'  link_target=\'current\'  align=\'center\'  design_border_style=\'0\'  design_background_image_style=\'cover\' /][/vd_column][vd_column category=\'content\'  control_position=\'top\'  setting::size=\'12\'  size=\'4\' ][vd_image size=\'responsive\'  width=\'200px\'  height=\'100px\'  onclick=\'popup\'  link_target=\'current\'  align=\'center\'  design_border_style=\'0\'  design_background_image_style=\'cover\' /][/vd_column][vd_column category=\'content\'  control_position=\'top\'  setting::size=\'12\'  size=\'4\' ][vd_image size=\'responsive\'  width=\'200px\'  height=\'100px\'  onclick=\'popup\'  link_target=\'current\'  align=\'center\'  design_border_style=\'0\'  design_background_image_style=\'cover\' /][/vd_column][/vd_row][vd_row link=\'https://vimeo.com/51589652\'  design_margin_bottom=\'15px\' ][vd_column size=\'6\' ][vd_image type=\'image\' /][/vd_column][vd_column category=\'content\'  control_position=\'top\'  setting::size=\'12\'  size=\'6\' ][vd_image size=\'responsive\'  width=\'200px\'  height=\'100px\'  onclick=\'popup\'  link_target=\'current\'  align=\'center\'  design_border_style=\'0\'  design_background_image_style=\'cover\' /][/vd_column][/vd_row]                            ', 6, 'catalog/d_visual_designer/1-3-2.svg');
INSERT INTO `oc_visual_designer_template` (`template_id`, `category`, `content`, `sort_order`, `image`) VALUES (7, 'default', '[vd_row link=\'https://vimeo.com/51589652\'  design_margin_bottom=\'15px\' ][vd_column size=\'6\' ][vd_image size=\'responsive\'  width=\'200px\'  height=\'100px\'  onclick=\'popup\'  link_target=\'current\'  align=\'center\'  design_border_style=\'0\'  design_background_image_style=\'cover\' /][vd_text text=\'Lorem ipsum dolor sit amet, consectetur adipiscing elit. Phasellus in erat eu lacus varius venenatis ut ac urna.\'  design_border_style=\'0\'  design_background_image_style=\'cover\' /][/vd_column][vd_column category=\'content\'  control_position=\'top\'  setting::size=\'12\'  size=\'6\' ][vd_image size=\'responsive\'  width=\'200px\'  height=\'100px\'  onclick=\'popup\'  link_target=\'current\'  align=\'center\'  design_border_style=\'0\'  design_background_image_style=\'cover\' /][vd_text text=\'Lorem ipsum dolor sit amet, consectetur adipiscing elit. Phasellus in erat eu lacus varius venenatis ut ac urna.\'  design_border_style=\'0\'  design_background_image_style=\'cover\' /][/vd_column][/vd_row]                            ', 7, 'catalog/d_visual_designer/2.svg');
INSERT INTO `oc_visual_designer_template` (`template_id`, `category`, `content`, `sort_order`, `image`) VALUES (8, 'default', '[vd_row link=\'https://vimeo.com/51589652\'  design_margin_bottom=\'15px\' ][vd_column size=\'6\' ][vd_image type=\'image\' /][vd_text text=\'Lorem ipsum dolor sit amet, consectetur adipiscing elit. Phasellus in erat eu lacus varius venenatis ut ac urna.\'  design_border_style=\'0\'  design_background_image_style=\'cover\' /][/vd_column][vd_column category=\'content\'  control_position=\'top\'  setting::size=\'12\'  size=\'6\' ][vd_image size=\'responsive\'  width=\'200px\'  height=\'100px\'  onclick=\'popup\'  link_target=\'current\'  align=\'center\'  design_border_style=\'0\'  design_background_image_style=\'cover\' /][vd_text text=\'Lorem ipsum dolor sit amet, consectetur adipiscing elit. Phasellus in erat eu lacus varius venenatis ut ac urna.\'  design_border_style=\'0\'  design_background_image_style=\'cover\' /][/vd_column][/vd_row][vd_row link=\'https://vimeo.com/51589652\'  design_margin_bottom=\'15px\' ][vd_column][vd_text text=\'Lorem ipsum dolor sit amet, consectetur adipiscing elit. Phasellus in erat eu lacus varius venenatis ut ac urna.\'  design_border_style=\'0\'  design_background_image_style=\'cover\'  type=\'text\' /][/vd_column][/vd_row]                            ', 8, 'catalog/d_visual_designer/2-1.svg');
INSERT INTO `oc_visual_designer_template` (`template_id`, `category`, `content`, `sort_order`, `image`) VALUES (9, 'default', '[vd_row link=\'https://vimeo.com/51589652\'  design_margin_bottom=\'15px\' ][vd_column size=\'6\' ][vd_image type=\'image\' /][/vd_column][vd_column category=\'content\'  control_position=\'top\'  setting::size=\'12\'  size=\'6\' ][vd_image size=\'responsive\'  width=\'200px\'  height=\'100px\'  onclick=\'popup\'  link_target=\'current\'  align=\'center\'  design_border_style=\'0\'  design_background_image_style=\'cover\' /][/vd_column][/vd_row][vd_row link=\'https://vimeo.com/51589652\'  design_margin_bottom=\'15px\' ][vd_column][vd_text text=\'Lorem ipsum dolor sit amet, consectetur adipiscing elit. Phasellus in erat eu lacus varius venenatis ut ac urna.\'  design_border_style=\'0\'  design_background_image_style=\'cover\' /][/vd_column][/vd_row][vd_row link=\'https://vimeo.com/51589652\'  design_margin_bottom=\'15px\' ][vd_column size=\'6\' ][vd_image size=\'responsive\'  width=\'200px\'  height=\'100px\'  onclick=\'popup\'  link_target=\'current\'  align=\'center\'  design_border_style=\'0\'  design_background_image_style=\'cover\' /][/vd_column][vd_column category=\'content\'  control_position=\'top\'  setting::size=\'12\'  size=\'6\' ][vd_image size=\'responsive\'  width=\'200px\'  height=\'100px\'  onclick=\'popup\'  link_target=\'current\'  align=\'center\'  design_border_style=\'0\'  design_background_image_style=\'cover\' /][/vd_column][/vd_row]                            ', 9, 'catalog/d_visual_designer/2-1-2.svg');
INSERT INTO `oc_visual_designer_template` (`template_id`, `category`, `content`, `sort_order`, `image`) VALUES (10, 'default', '[vd_row link=\'https://vimeo.com/51589652\'  design_margin_bottom=\'15px\' ][vd_column size=\'4\' ][vd_image size=\'responsive\'  width=\'200px\'  height=\'100px\'  onclick=\'popup\'  link_target=\'current\'  align=\'center\'  design_border_style=\'0\'  design_background_image_style=\'cover\' /][/vd_column][vd_column category=\'content\'  control_position=\'top\'  setting::size=\'12\'  size=\'4\' ][vd_image size=\'responsive\'  width=\'200px\'  height=\'100px\'  onclick=\'popup\'  link_target=\'current\'  align=\'center\'  design_border_style=\'0\'  design_background_image_style=\'cover\' /][/vd_column][vd_column category=\'content\'  control_position=\'top\'  setting::size=\'12\'  size=\'4\' ][vd_image size=\'responsive\'  width=\'200px\'  height=\'100px\'  onclick=\'popup\'  link_target=\'current\'  align=\'center\'  design_border_style=\'0\'  design_background_image_style=\'cover\' /][/vd_column][/vd_row][vd_row link=\'https://vimeo.com/51589652\'  design_margin_bottom=\'15px\' ][vd_column][vd_text text=\'Lorem ipsum dolor sit amet, consectetur adipiscing elit. Phasellus in erat eu lacus varius venenatis ut ac urna.\'  design_border_style=\'0\'  design_background_image_style=\'cover\' /][/vd_column][/vd_row][vd_row link=\'https://vimeo.com/51589652\'  design_margin_bottom=\'15px\' ][vd_column size=\'4\' ][vd_image size=\'responsive\'  width=\'200px\'  height=\'100px\'  onclick=\'popup\'  link_target=\'current\'  align=\'center\'  design_border_style=\'0\'  design_background_image_style=\'cover\' /][/vd_column][vd_column category=\'content\'  control_position=\'top\'  setting::size=\'12\'  size=\'4\' ][vd_image size=\'responsive\'  width=\'200px\'  height=\'100px\'  onclick=\'popup\'  link_target=\'current\'  align=\'center\'  design_border_style=\'0\'  design_background_image_style=\'cover\' /][/vd_column][vd_column category=\'content\'  control_position=\'top\'  setting::size=\'12\'  size=\'4\' ][vd_image size=\'responsive\'  width=\'200px\'  height=\'100px\'  onclick=\'popup\'  link_target=\'current\'  align=\'center\'  design_border_style=\'0\'  design_background_image_style=\'cover\' /][/vd_column][/vd_row]                            ', 10, 'catalog/d_visual_designer/3-1-3.svg');
INSERT INTO `oc_visual_designer_template` (`template_id`, `category`, `content`, `sort_order`, `image`) VALUES (11, 'default', '[vd_row link=\'https://vimeo.com/51589652\'  design_margin_bottom=\'15px\' ][vd_column size=\'4\' ][vd_image size=\'responsive\'  width=\'200px\'  height=\'100px\'  onclick=\'popup\'  link_target=\'current\'  align=\'center\'  design_border_style=\'0\'  design_background_image_style=\'cover\' /][/vd_column][vd_column category=\'content\'  control_position=\'top\'  setting::size=\'12\'  size=\'4\' ][vd_image size=\'responsive\'  width=\'200px\'  height=\'100px\'  onclick=\'popup\'  link_target=\'current\'  align=\'center\'  design_border_style=\'0\'  design_background_image_style=\'cover\' /][/vd_column][vd_column category=\'content\'  control_position=\'top\'  setting::size=\'12\'  size=\'4\' ][vd_image size=\'responsive\'  width=\'200px\'  height=\'100px\'  onclick=\'popup\'  link_target=\'current\'  align=\'center\'  design_border_style=\'0\'  design_background_image_style=\'cover\' /][/vd_column][/vd_row][vd_row link=\'https://vimeo.com/51589652\'  design_margin_bottom=\'15px\' ][vd_column][vd_text text=\'Lorem ipsum dolor sit amet, consectetur adipiscing elit. Phasellus in erat eu lacus varius venenatis ut ac urna.\'  design_border_style=\'0\'  design_background_image_style=\'cover\' /][/vd_column][/vd_row][vd_row link=\'https://vimeo.com/51589652\'  design_margin_bottom=\'15px\' ][vd_column size=\'6\' ][vd_image size=\'responsive\'  width=\'200px\'  height=\'100px\'  onclick=\'popup\'  link_target=\'current\'  align=\'center\'  design_border_style=\'0\'  design_background_image_style=\'cover\' /][/vd_column][vd_column category=\'content\'  control_position=\'top\'  setting::size=\'12\'  size=\'6\' ][vd_image size=\'responsive\'  width=\'200px\'  height=\'100px\'  onclick=\'popup\'  link_target=\'current\'  align=\'center\'  design_border_style=\'0\'  design_background_image_style=\'cover\' /][/vd_column][/vd_row]                            ', 11, 'catalog/d_visual_designer/3-1-2.svg');
INSERT INTO `oc_visual_designer_template` (`template_id`, `category`, `content`, `sort_order`, `image`) VALUES (12, 'default', '[vd_row link=\'https://vimeo.com/51589652\'  design_margin_bottom=\'15px\' ][vd_column size=\'6\' ][vd_image size=\'responsive\'  width=\'200px\'  height=\'100px\'  onclick=\'popup\'  link_target=\'current\'  align=\'center\'  design_border_style=\'0\'  design_background_image_style=\'cover\' /][/vd_column][vd_column category=\'content\'  control_position=\'top\'  setting::size=\'12\'  size=\'6\' ][vd_text text=\'Lorem ipsum dolor sit amet, consectetur adipiscing elit. Phasellus in erat eu lacus varius venenatis ut ac urna.\'  design_border_style=\'0\'  design_background_image_style=\'cover\' /][/vd_column][/vd_row][vd_row link=\'https://vimeo.com/51589652\'  design_margin_bottom=\'15px\' ][vd_column size=\'6\' ][vd_text text=\'Lorem ipsum dolor sit amet, consectetur adipiscing elit. Phasellus in erat eu lacus varius venenatis ut ac urna.\'  design_border_style=\'0\'  design_background_image_style=\'cover\' /][/vd_column][vd_column category=\'content\'  control_position=\'top\'  setting::size=\'12\'  size=\'6\' ][vd_image size=\'responsive\'  width=\'200px\'  height=\'100px\'  onclick=\'popup\'  link_target=\'current\'  align=\'center\'  design_border_style=\'0\'  design_background_image_style=\'cover\' /][/vd_column][/vd_row]                            ', 12, 'catalog/d_visual_designer/2-chess.svg');

TRUNCATE TABLE `oc_visual_designer_template_description`;

INSERT INTO `oc_visual_designer_template_description` (`template_id`, `language_id`, `name`) VALUES (1, 1, '1 Column');
INSERT INTO `oc_visual_designer_template_description` (`template_id`, `language_id`, `name`) VALUES (2, 1, '1:2 Column');
INSERT INTO `oc_visual_designer_template_description` (`template_id`, `language_id`, `name`) VALUES (3, 1, '1:2:1 Column');
INSERT INTO `oc_visual_designer_template_description` (`template_id`, `language_id`, `name`) VALUES (4, 1, '1:3 Column');
INSERT INTO `oc_visual_designer_template_description` (`template_id`, `language_id`, `name`) VALUES (5, 1, '1:3:1 Column');
INSERT INTO `oc_visual_designer_template_description` (`template_id`, `language_id`, `name`) VALUES (6, 1, '1:3:2 Column');
INSERT INTO `oc_visual_designer_template_description` (`template_id`, `language_id`, `name`) VALUES (7, 1, '2 Column');
INSERT INTO `oc_visual_designer_template_description` (`template_id`, `language_id`, `name`) VALUES (8, 1, '2:1 Column');
INSERT INTO `oc_visual_designer_template_description` (`template_id`, `language_id`, `name`) VALUES (9, 1, '2:1:2 Column');
INSERT INTO `oc_visual_designer_template_description` (`template_id`, `language_id`, `name`) VALUES (10, 1, '3:1:3 Column');
INSERT INTO `oc_visual_designer_template_description` (`template_id`, `language_id`, `name`) VALUES (11, 1, '3:1:2 Column');
INSERT INTO `oc_visual_designer_template_description` (`template_id`, `language_id`, `name`) VALUES (12, 1, '2 Column');

TRUNCATE TABLE `oc_visual_designer_route`;

INSERT INTO `oc_visual_designer_route` (`route_id`, `name`, `token`, `backend_route`, `frontend_status`, `status`, `frontend_route`, `backend_param`, `frontend_param`, `edit_url`) VALUES (1, 'Add Product', '5864c301788d1', 'catalog/product/add', 0, 1, '', '', '', '');
INSERT INTO `oc_visual_designer_route` (`route_id`, `name`, `token`, `backend_route`, `frontend_status`, `status`, `frontend_route`, `backend_param`, `frontend_param`, `edit_url`) VALUES (2, 'Add Category', '5864c3211c699', 'catalog/category/add', 0, 1, '', '', '', '');
INSERT INTO `oc_visual_designer_route` (`route_id`, `name`, `token`, `backend_route`, `frontend_status`, `status`, `frontend_route`, `backend_param`, `frontend_param`, `edit_url`) VALUES (3, 'Add Information', '5864c327e6094', 'catalog/information/add', 0, 1, '', '', '', '');
INSERT INTO `oc_visual_designer_route` (`route_id`, `name`, `token`, `backend_route`, `frontend_status`, `status`, `frontend_route`, `backend_param`, `frontend_param`, `edit_url`) VALUES (16, 'Edit Product', '5864c32f56c94', 'catalog/product/edit', 1, 1, 'product/product', 'product_id', 'product_id', 'index.php?route=module/d_visual_designer/saveProduct');
INSERT INTO `oc_visual_designer_route` (`route_id`, `name`, `token`, `backend_route`, `frontend_status`, `status`, `frontend_route`, `backend_param`, `frontend_param`, `edit_url`) VALUES (17, 'Edit Category', '5864c33ab26ac', 'catalog/category/edit', 1, 1, 'product/category', 'category_id', 'path', 'index.php?route=module/d_visual_designer/saveCategory');
INSERT INTO `oc_visual_designer_route` (`route_id`, `name`, `token`, `backend_route`, `frontend_status`, `status`, `frontend_route`, `backend_param`, `frontend_param`, `edit_url`) VALUES (18, 'Edit Information', '5864c343f014d', 'catalog/information/edit', 1, 1, 'information/information', 'information_id', 'information_id', 'index.php?route=module/d_visual_designer/saveInformation');
